{"loss": [0.6750810146331787], "accuracy": [0.692307710647583], "val_loss": [0.7019979953765869], "val_accuracy": [0.5]}